"class","total_transactions","total_amount"
0,"284315","25102462.0400072"
1,"492","60127.969999999994"
